timestamp,cpu,memory,duration
1,2,1024,21
2,4,2048,22
3,8,4096,23
4,1,8192,24
5,2,512,25
6,4,1024,26
7,8,2048,27
8,1,4096,28
9,2,8192,29
10,4,512,30
11,8,1024,31
12,1,2048,32
13,2,4096,33
14,4,8192,34
15,8,512,35
16,1,1024,36
17,2,2048,37
18,4,4096,38
19,8,8192,39
20,1,512,40
21,2,1024,41
22,4,2048,42
23,8,4096,43
24,1,8192,44
25,2,512,45
26,4,1024,46
27,8,2048,47
28,1,4096,48
29,2,8192,49
30,4,512,20
31,8,1024,21
32,1,2048,22
33,2,4096,23
34,4,8192,24
35,8,512,25
36,1,1024,26
37,2,2048,27
38,4,4096,28
39,8,8192,29
40,1,512,30
41,2,1024,31
42,4,2048,32
43,8,4096,33
44,1,8192,34
45,2,512,35
46,4,1024,36
47,8,2048,37
48,1,4096,38
49,2,8192,39
50,4,512,40
51,8,1024,41
52,1,2048,42
53,2,4096,43
54,4,8192,44
55,8,512,45
56,1,1024,46
57,2,2048,47
58,4,4096,48
59,8,8192,49
60,1,512,20
61,2,1024,21
62,4,2048,22
63,8,4096,23
64,1,8192,24
65,2,512,25
66,4,1024,26
67,8,2048,27
68,1,4096,28
69,2,8192,29
70,4,512,30
71,8,1024,31
72,1,2048,32
73,2,4096,33
74,4,8192,34
75,8,512,35
76,1,1024,36
77,2,2048,37
78,4,4096,38
79,8,8192,39
80,1,512,40
81,2,1024,41
82,4,2048,42
83,8,4096,43
84,1,8192,44
85,2,512,45
86,4,1024,46
87,8,2048,47
88,1,4096,48
89,2,8192,49
90,4,512,20
91,8,1024,21
92,1,2048,22
93,2,4096,23
94,4,8192,24
95,8,512,25
96,1,1024,26
97,2,2048,27
98,4,4096,28
99,8,8192,29
100,1,512,30
101,2,1024,31
102,4,2048,32
103,8,4096,33
104,1,8192,34
105,2,512,35
106,4,1024,36
107,8,2048,37
108,1,4096,38
109,2,8192,39
110,4,512,40
111,8,1024,41
112,1,2048,42
113,2,4096,43
114,4,8192,44
115,8,512,45
116,1,1024,46
117,2,2048,47
118,4,4096,48
119,8,8192,49
120,1,512,20
121,2,1024,21
122,4,2048,22
123,8,4096,23
124,1,8192,24
125,2,512,25
126,4,1024,26
127,8,2048,27
128,1,4096,28
129,2,8192,29
130,4,512,30
131,8,1024,31
132,1,2048,32
133,2,4096,33
134,4,8192,34
135,8,512,35
136,1,1024,36
137,2,2048,37
138,4,4096,38
139,8,8192,39
140,1,512,40
141,2,1024,41
142,4,2048,42
143,8,4096,43
144,1,8192,44
145,2,512,45
146,4,1024,46
147,8,2048,47
148,1,4096,48
149,2,8192,49
150,4,512,20
151,8,1024,21
152,1,2048,22
153,2,4096,23
154,4,8192,24
155,8,512,25
156,1,1024,26
157,2,2048,27
158,4,4096,28
159,8,8192,29
160,1,512,30
161,2,1024,31
162,4,2048,32
163,8,4096,33
164,1,8192,34
165,2,512,35
166,4,1024,36
167,8,2048,37
168,1,4096,38
169,2,8192,39
170,4,512,40
171,8,1024,41
172,1,2048,42
173,2,4096,43
174,4,8192,44
175,8,512,45
176,1,1024,46
177,2,2048,47
178,4,4096,48
179,8,8192,49
180,1,512,20
181,2,1024,21
182,4,2048,22
183,8,4096,23
184,1,8192,24
185,2,512,25
186,4,1024,26
187,8,2048,27
188,1,4096,28
189,2,8192,29
190,4,512,30
191,8,1024,31
192,1,2048,32
193,2,4096,33
194,4,8192,34
195,8,512,35
196,1,1024,36
197,2,2048,37
198,4,4096,38
199,8,8192,39
200,1,512,40
201,2,1024,41
202,4,2048,42
203,8,4096,43
204,1,8192,44
205,2,512,45
206,4,1024,46
207,8,2048,47
208,1,4096,48
209,2,8192,49
210,4,512,20
211,8,1024,21
212,1,2048,22
213,2,4096,23
214,4,8192,24
215,8,512,25
216,1,1024,26
217,2,2048,27
218,4,4096,28
219,8,8192,29
220,1,512,30
221,2,1024,31
222,4,2048,32
223,8,4096,33
224,1,8192,34
225,2,512,35
226,4,1024,36
227,8,2048,37
228,1,4096,38
229,2,8192,39
230,4,512,40
231,8,1024,41
232,1,2048,42
233,2,4096,43
234,4,8192,44
235,8,512,45
236,1,1024,46
237,2,2048,47
238,4,4096,48
239,8,8192,49
240,1,512,20
241,2,1024,21
242,4,2048,22
243,8,4096,23
244,1,8192,24
245,2,512,25
246,4,1024,26
247,8,2048,27
248,1,4096,28
249,2,8192,29
250,4,512,30
251,8,1024,31
252,1,2048,32
253,2,4096,33
254,4,8192,34
255,8,512,35
256,1,1024,36
257,2,2048,37
258,4,4096,38
259,8,8192,39
260,1,512,40
261,2,1024,41
262,4,2048,42
263,8,4096,43
264,1,8192,44
265,2,512,45
266,4,1024,46
267,8,2048,47
268,1,4096,48
269,2,8192,49
270,4,512,20
271,8,1024,21
272,1,2048,22
273,2,4096,23
274,4,8192,24
275,8,512,25
276,1,1024,26
277,2,2048,27
278,4,4096,28
279,8,8192,29
280,1,512,30
281,2,1024,31
282,4,2048,32
283,8,4096,33
284,1,8192,34
285,2,512,35
286,4,1024,36
287,8,2048,37
288,1,4096,38
289,2,8192,39
290,4,512,40
291,8,1024,41
292,1,2048,42
293,2,4096,43
294,4,8192,44
295,8,512,45
296,1,1024,46
297,2,2048,47
298,4,4096,48
299,8,8192,49
300,1,512,20
301,2,1024,21
302,4,2048,22
303,8,4096,23
304,1,8192,24
305,2,512,25
306,4,1024,26
307,8,2048,27
308,1,4096,28
309,2,8192,29
310,4,512,30
311,8,1024,31
312,1,2048,32
313,2,4096,33
314,4,8192,34
315,8,512,35
316,1,1024,36
317,2,2048,37
318,4,4096,38
319,8,8192,39
320,1,512,40
321,2,1024,41
322,4,2048,42
323,8,4096,43
324,1,8192,44
325,2,512,45
326,4,1024,46
327,8,2048,47
328,1,4096,48
329,2,8192,49
330,4,512,20
331,8,1024,21
332,1,2048,22
333,2,4096,23
334,4,8192,24
335,8,512,25
336,1,1024,26
337,2,2048,27
338,4,4096,28
339,8,8192,29
340,1,512,30
341,2,1024,31
342,4,2048,32
343,8,4096,33
344,1,8192,34
345,2,512,35
346,4,1024,36
347,8,2048,37
348,1,4096,38
349,2,8192,39
350,4,512,40
351,8,1024,41
352,1,2048,42
353,2,4096,43
354,4,8192,44
355,8,512,45
356,1,1024,46
357,2,2048,47
358,4,4096,48
359,8,8192,49
360,1,512,20
361,2,1024,21
362,4,2048,22
363,8,4096,23
364,1,8192,24
365,2,512,25
366,4,1024,26
367,8,2048,27
368,1,4096,28
369,2,8192,29
370,4,512,30
371,8,1024,31
372,1,2048,32
373,2,4096,33
374,4,8192,34
375,8,512,35
376,1,1024,36
377,2,2048,37
378,4,4096,38
379,8,8192,39
380,1,512,40
381,2,1024,41
382,4,2048,42
383,8,4096,43
384,1,8192,44
385,2,512,45
386,4,1024,46
387,8,2048,47
388,1,4096,48
389,2,8192,49
390,4,512,20
391,8,1024,21
392,1,2048,22
393,2,4096,23
394,4,8192,24
395,8,512,25
396,1,1024,26
397,2,2048,27
398,4,4096,28
399,8,8192,29
400,1,512,30
